Year,NDVI
2012,0.235
2013,0.240083
2014,0.23725
2015,0.231917
2016,0.235167
2017,0.235167
2018,0.239167
2019,0.240167
2020,0.244167
2021,0.243
2022,0.242583
